Workbook
Name listaCodigosEquipamentos: 'Cadastros'!$A$6:$A$10
Name listaTurmas: 'Cadastros'!$D$6:$D$11

Sheet Dashboard
A2: Dashboard — Reservas do laboratório
A3: Os resumos usam os lançamentos; complete as fórmulas dos três indicadores verdes.
A5: Solicitações registradas | D5: Itens reservados | G5: Reservas para hoje ou depois
A6: =COUNTA(tblSolicitacoes[ID_Solicitacao]) | D6: =SUM(tblItensSolicitacao[Quantidade]) | G6: =COUNTIFS(tblSolicitacoes[Data_Uso],">="&TODAY())
A9: Turma | B9: Quantidade de solicitações | E9: Equipamento | F9: Quantidade de itens
A10: =Cadastros!D6 | B10: =COUNTIF(tblSolicitacoes[Turma],A10) | E10: =Cadastros!B6 | F10: =SUMIF(tblItensSolicitacao[Equipamento],E10,tblItensSolicitacao[Quantidade])
A11: =Cadastros!D7 | B11: =COUNTIF(tblSolicitacoes[Turma],A11) | E11: =Cadastros!B7 | F11: =SUMIF(tblItensSolicitacao[Equipamento],E11,tblItensSolicitacao[Quantidade])
A12: =Cadastros!D8 | B12: =COUNTIF(tblSolicitacoes[Turma],A12) | E12: =Cadastros!B8 | F12: =SUMIF(tblItensSolicitacao[Equipamento],E12,tblItensSolicitacao[Quantidade])
A13: =Cadastros!D9 | B13: =COUNTIF(tblSolicitacoes[Turma],A13) | E13: =Cadastros!B9 | F13: =SUMIF(tblItensSolicitacao[Equipamento],E13,tblItensSolicitacao[Quantidade])
A14: =Cadastros!D10 | B14: =COUNTIF(tblSolicitacoes[Turma],A14) | E14: =Cadastros!B10 | F14: =SUMIF(tblItensSolicitacao[Equipamento],E14,tblItensSolicitacao[Quantidade])
A15: =Cadastros!D11 | B15: =COUNTIF(tblSolicitacoes[Turma],A15)

Sheet Tela_Lancamento
A2: Tela de lançamento — Reserva de laboratório
A3: Informe o código do equipamento. O nome será preenchido automaticamente a partir da Tabela 3 — Catálogo de equipamentos.
A5: Dados da solicitação
A6: ID da solicitação | B6: RES-001 | F6: Botão a criar
A7: Data do pedido | B7: 46297 | F7: Registrar solicitação
A8: Professor responsável | B8: Ana Lima
A9: Turma | B9: 2A
A10: Data de uso | B10: 46304
A12: Código do equipamento | B12: Equipamento | C12: Quantidade | D12: Observação
A13: EQ-10 | B13: =IFERROR(VLOOKUP(A13,tblEquipamentos,2,FALSE),"") | C13: 1 | D13: Usar cabo HDMI
A14: EQ-03 | B14: =IFERROR(VLOOKUP(A14,tblEquipamentos,2,FALSE),"") | C14: 3 | D14: Carregados
B15: =IFERROR(VLOOKUP(A15,tblEquipamentos,2,FALSE),"")
B16: =IFERROR(VLOOKUP(A16,tblEquipamentos,2,FALSE),"")
B17: =IFERROR(VLOOKUP(A17,tblEquipamentos,2,FALSE),"")
B18: =IFERROR(VLOOKUP(A18,tblEquipamentos,2,FALSE),"")
B19: =IFERROR(VLOOKUP(A19,tblEquipamentos,2,FALSE),"")
B20: =IFERROR(VLOOKUP(A20,tblEquipamentos,2,FALSE),"")

Sheet Solicitacoes
A2: Tabela 1 — Solicitações
A3: Cada linha representa uma reserva. A coluna ID é a ligação com a tabela de itens.
A5: ID_Solicitacao | B5: Data_Pedido | C5: Professor | D5: Turma | E5: Data_Uso
A6: RES-001 | B6: 46297 | C6: Ana Lima | D6: 2A | E6: 46304
A7: RES-002 | B7: 46298 | C7: Bruno Souza | D7: 1B | E7: 46307

Sheet Itens_Solicitacao
A2: Tabela 2 — Itens da solicitação
A3: Cada linha registra o código do equipamento. A coluna Equipamento deve ser preenchida por busca na tblEquipamentos.
A5: ID_Solicitacao | B5: Codigo_Equipamento | C5: Equipamento | D5: Quantidade | E5: Observacao
A6: RES-001 | B6: EQ-10 | C6: Projetor | D6: 1 | E6: Usar cabo HDMI
A7: RES-001 | B7: EQ-03 | C7: Notebook | D7: 3 | E7: Carregados
A8: RES-002 | B8: EQ-18 | C8: Kit Robótica | D8: 2 | E8: Sala de robótica
A9: RES-002 | B9: EQ-21 | C9: Multímetro | D9: 4 | E9: Bancada 2

Sheet Cadastros
A2: Tabela 3 — Catálogo de equipamentos
A3: tblEquipamentos é a fonte de códigos e nomes. Ela evita cadastrar o mesmo equipamento com nomes diferentes.
A5: Codigo_Equipamento | B5: Equipamento | D5: Turma
A6: EQ-10 | B6: Projetor | D6: 1A
A7: EQ-03 | B7: Notebook | D7: 1B
A8: EQ-18 | B8: Kit Robótica | D8: 2A
A9: EQ-21 | B9: Multímetro | D9: 2B
A10: EQ-25 | B10: Caixa de som | D10: 3A
D11: 3B
